Label,Ours,Baseline1,Baseline2,Baseline3
0_no_smile,0.1485663205385208,0.1508612334728241,0.3728020191192627,0.04314837604761124
13_smiling,0.17514154314994812,0.14092522859573364,0.16569852828979492,0.02762284129858017
17_no_bangs,0.17341254651546478,0.06484013795852661,0.2291172742843628,0.07416357845067978
stefano_bangs,0.17884765565395355,0.6932547688484192,0.4726684093475342,0.05711958557367325
stefano_glasses,0.23653896152973175,0.5056562423706055,0.0,0.027649398893117905
stefano_shaven,0.15861059725284576,0.40560096502304077,0.46601536870002747,0.03898438811302185
stefano_young,0.2084658443927765,0.19786985218524933,0.4772549569606781,0.03013298101723194
Average,0.18279763843332017,0.3084297754934856,0.31193665095738005,0.042688735627702305
