Label,Ours,Baseline1,Baseline2,Baseline3
0_no_smile,0.1488318294286728,0.15112417936325073,0.37331491708755493,0.0431830920279026
13_smiling,0.17344896495342255,0.14009782671928406,0.16405779123306274,0.027483642101287842
17_no_bangs,0.17222630977630615,0.06362789124250412,0.22612029314041138,0.0740620419383049
stefano_bangs,0.17843495309352875,0.6881195902824402,0.4676663279533386,0.05698292329907417
stefano_glasses,0.23609691858291626,0.5041466951370239,0.0,0.027512477710843086
stefano_shaven,0.15775156021118164,0.4011898636817932,0.46193718910217285,0.03884746879339218
stefano_young,0.2085791528224945,0.1969330906867981,0.4726089537143707,0.029996059834957123
Average,0.18219566983836039,0.3064627338732992,0.30938649603298735,0.042581100815108845
