Label,Ours,Baseline1,Baseline2,Baseline3
0_no_smile,23.444782257080078,23.153297424316406,22.5162410736084,24.80858039855957
13_smiling,25.83433723449707,25.004785537719727,22.67817497253418,23.253190994262695
17_no_bangs,24.506528854370117,24.455005645751953,24.3187198638916,22.889114379882812
stefano_bangs,22.810714721679688,22.607994079589844,23.048145294189453,23.196443557739258
stefano_glasses,25.530397415161133,24.595895767211914,19.916824340820312,22.068912506103516
stefano_shaven,25.328136444091797,23.212135314941406,24.274452209472656,24.367908477783203
stefano_young,21.936609268188477,23.247600555419922,23.227272033691406,22.48030662536621
Average,24.19878659929548,23.75381633213588,22.85426139831543,23.29492241995675
