Label,Ours,Baseline,Diff
0_no_smile,23.444782257080078,23.153297424316406,0.2914848327636719
13_smiling,25.83433723449707,25.004785537719727,0.8295516967773438
17_no_bangs,24.506528854370117,24.455005645751953,0.05152320861816406
stefano_bangs,22.810714721679688,22.607994079589844,0.20272064208984375
stefano_glasses,25.530397415161133,24.595895767211914,0.9345016479492188
stefano_shaven,25.328136444091797,23.212135314941406,2.1160011291503906
stefano_young,21.936609268188477,23.247600555419922,-1.3109912872314453
Average,24.19878659929548,23.75381633213588,0.44497026715960075
