Label,Ours,Baseline,Diff
0_no_smile,0.1488318294286728,0.15112417936325073,-0.002292349934577942
13_smiling,0.17344896495342255,0.14009782671928406,0.03335113823413849
17_no_bangs,0.17222630977630615,0.06362789124250412,0.10859841853380203
stefano_bangs,0.17843495309352875,0.6881195902824402,-0.5096846371889114
stefano_glasses,0.23609691858291626,0.5041466951370239,-0.26804977655410767
stefano_shaven,0.15775156021118164,0.4011898636817932,-0.24343830347061157
stefano_young,0.2085791528224945,0.1969330906867981,0.011646062135696411
Average,0.18219566983836039,0.3064627338732992,-0.12426706403493881
