Label,Ours,Baseline,Diff
0_no_smile,0.1485663205385208,0.1508612334728241,-0.0022949129343032837
13_smiling,0.17514154314994812,0.14092522859573364,0.03421631455421448
17_no_bangs,0.17341254651546478,0.06484013795852661,0.10857240855693817
stefano_bangs,0.17884765565395355,0.6932547688484192,-0.5144071131944656
stefano_glasses,0.23653896152973175,0.5056562423706055,-0.2691172808408737
stefano_shaven,0.15861059725284576,0.40560096502304077,-0.246990367770195
stefano_young,0.2084658443927765,0.19786985218524933,0.01059599220752716
Average,0.18279763843332017,0.3084297754934856,-0.12563213706016543
