Label,Ours,Baseline,Diff
0_no_smile,67.01243336995442,69.63742065429688,-2.6249872843424527
13_smiling,58.083840688069664,47.68775939941406,10.396081288655601
17_no_bangs,35.603738149007164,30.15441385904948,5.4493242899576835
stefano_bangs,65.91491572062175,100.37723541259766,-34.46231969197591
stefano_glasses,58.66373825073242,93.50975545247395,-34.84601720174153
stefano_shaven,54.11186599731445,94.05175526936848,-39.93988927205403
stefano_young,42.034202575683594,65.909486134847,-23.875283559163407
Average,54.48924782162621,71.61826088314965,-17.129013061523438
