Label,Ours,Baseline,Diff
0_no_smile,66.73113250732422,69.35521570841472,-2.6240832010904995
13_smiling,57.895764668782554,47.51945241292318,10.376312255859375
17_no_bangs,35.55548222859701,29.895626068115234,5.659856160481773
stefano_bangs,65.65061442057292,100.01052729288737,-34.35991287231445
stefano_glasses,58.434627532958984,93.16039148966472,-34.725763956705734
stefano_shaven,54.057413736979164,93.70993932088216,-39.65252558390299
stefano_young,41.998043060302734,65.73695500691731,-23.73891194661458
Average,54.33186830793108,71.34115818568638,-17.0092898777553
